"id","brand"
1,yukon
2,caramelia
3,daewoo
4,terminus
5,kristall-auto
6,lion
7,cube
8,matador
9,tyr
10,hyperx
11,belitam
12,rapoo
13,pastel
14,pixel
15,maestro
16,luch
17,gerat
18,mobil
19,boyscout
20,turbo
21,seagate
22,metabo
23,jb
24,mazzini
25,luremax
26,msi
27,ectaco
28,jimi
29,monkart
30,biostar
31,vivo
32,esthederm
33,palit
34,bradex
35,simax
36,navitagi
37,cablexpert
38,decoroom
39,maybelline
40,neo
41,jetpik
42,farcar
43,legrand
44,nivea
45,fitokosmetik
46,premierfit
47,olimpik
48,inkax
49,stiga
50,maxwell
51,vitek
52,herschel
53,mantra
54,singer
55,moshi
56,activision
57,romana
58,pgytech
59,compliment
60,nissan
61,samura
62,powertrac
63,kenko
64,timberk
65,razer
66,cdc
67,caso
68,kivi
69,irbis
70,paulig
71,footwork
72,art.home
73,ubiquiti
74,asics
75,kingston
76,zemex
77,steba
78,art.fit
79,marcato
80,oral-b
81,pyrex
82,korg
83,berkley
84,xgimi
85,saeco
86,imetec
87,lenovo
88,vikhrjh
89,moov
90,skingard
91,beurer
92,baboo
93,colorfix
94,samsonite
95,bosch
96,eset
97,blw
98,bardahl
99,zeta
100,artberry
101,sibrtekh
102,organ
103,altel
104,momentum
105,belita
106,kink
107,thule
108,teksdizayn
109,svetocopy
110,help
111,micro
112,advantek
113,vitehks
114,barjher
115,rioba
116,curver
117,tornado
118,nv-print
119,polaris
120,gislaved
121,ogx
122,osprey
123,htc
124,lavr
125,daikin
126,hyundai
127,nzxt
128,acana
129,zala
130,kenwood
131,miele
132,collecta
133,ionkini
134,salomon
135,kumho
136,redmond
137,egoiste
138,ubisoft
139,erlit
140,kurzweil
141,montblanc
142,blackvue
143,mirage
144,inhouse
145,haushalt
146,bisfree
147,arnica
148,clinch
149,svc
150,jvc
151,chistotel
152,medisana
153,catrice
154,forward
155,brateck
156,roadx
157,viatti
158,iqos
159,sanc
160,alis
161,wirek
162,arktika
163,emsa
164,paperline
165,reno
166,huter
167,loewe
168,aimoto
169,hygge
170,microlab
171,atlant
172,realflame
173,gutrend
174,globber
175,vaude
176,zeppelin
177,arlan
178,toro
179,teploljuks
180,nommi
181,flama
182,thomas
183,mannol
184,giottos
185,crucial
186,ivi
187,gamdias
188,crane
189,venum
190,satechi
191,smart
192,nokian
193,nvidia
194,bork
195,epson
196,huawei
197,stinger
198,awei
199,akitio
200,hitachi
201,cersanit
202,joerex
203,santek
204,filtrete
205,tion
206,nomi
207,altair
208,technodom
209,eurostil
210,dam
211,almatv
212,aeg
213,liebherr
214,brother
215,lg
216,thefaceshop
217,beeline
218,pirelli
219,ausini
220,akom
221,kicx
222,nakamichi
223,goliath
224,zenit
225,kitekat
226,synology
227,energea
228,d-link
229,dxracer
230,everlast
231,leonardo
232,lol
233,finish
234,portcase
235,ninebot
236,hasbro
237,ugreen
238,resanta
239,continent
240,mueller
241,tvs
242,dyson
243,qnap
244,owner
245,provence
246,byintek
247,arena
248,dougez
249,masterica
250,frosch
251,duracell
252,stihl
253,sandisk
254,scarlett
255,netatmo
256,awax
257,alpina
258,plantronics
259,rinnai
260,akku
261,dc-girls
262,farmtek
263,swager
264,hukuba
265,aquael
266,mlife
267,d-color
268,pasabahce
269,ruggear
270,pioneer
271,fiio
272,tramp
273,yokohama
274,noctua
275,defender
276,superlux
277,garanterm
278,trust
279,oppo
280,melitta
281,anon
282,honor
283,kodak
284,sencor
285,beats
286,amigami
287,luminarc
288,topperr
289,lavazza
290,spigen
291,joma
292,asrock
293,sjcam
294,regnum
295,berghoff
296,action
297,demidovskiy
298,bose
299,harper
300,limpopo
301,rockstar
302,cars
303,nintendo
304,alpengaudi
305,bethesda
306,oma
307,areca
308,krups
309,wxd
310,accesstyle
311,puff
312,tigar
313,kiepe
314,whiskas
315,neptun
316,ozone
317,varta
318,franke
319,canyon
320,milight
321,grundfos
322,unicharm
323,tucano
324,saramonic
325,treaclemoon
326,sibel
327,jura
328,virtuix
329,giant
330,imou
331,ideal
332,msep
333,tefal
334,baltextile
335,bequiet
336,subini
337,parrot
338,sparta
339,wacom
340,select
341,ockel
342,sigma
343,petzl
344,axper
345,proscreen
346,alienware
347,ariston
348,nepia
349,chayka
350,marley
351,altex
352,jaguar
353,peterhof
354,fischer
355,rossija
356,airline
357,meridian
358,fibaro
359,moizen
360,playme
361,meizu
362,nitto
363,swat
364,avrora
365,buebchen
366,rdx
367,etalon
368,deepcool
369,pi-pi-bent
370,gemon
371,geyzer
372,unitabs
373,char-broil
374,motorola
375,anymode
376,pedigree
377,global
378,phanteks
379,wethepeople
380,bbag
381,sportop
382,hms
383,pozis
384,janome
385,fizan
386,henkel
387,golf
388,dahon
389,fila
390,victoria
391,pccooler
392,wmf
393,lihom
394,cralusso
395,delmax
396,lowepro
397,stels
398,king
399,scierra
400,roevuta
401,hiwatch
402,raduga
403,kosadaka
404,navien
405,neonode
406,vipe
407,kumano
408,uteki
409,jbl
410,wilson
411,x-cooler
412,generis
413,moldabela
414,audac
415,hansa
416,calgon
417,att
418,mio
419,symphony
420,ehlektrostandart
421,cybex
422,berry
423,rocketbook
424,uniq
425,gross
426,essence
427,megogo
428,lego
429,tamron
430,rastar
431,xiaomi
432,metsui
433,inspector
434,coolinar
435,myrans
436,fieldmann
437,borasco
438,mitasu
439,cubicfun
440,gembird
441,bridgestone
442,ezetil
443,e-blue
444,karcher
445,bfgoodrich
446,phantom
447,beko
448,tribe
449,barkan
450,remington
451,alinco
452,depileve
453,millet
454,balsax
455,inoi
456,vortex
457,fujifilm
458,continental
459,kona
460,makeblock
461,mepps
462,bestway
463,tailg
464,babolat
465,riva
466,chameleon
467,aquadent
468,weber
469,xbox
470,higashi
471,parachute
472,casio
473,incase
474,aoki
475,skullcandy
476,goodride
477,michelin
478,fly
479,bellissima
480,aist
481,canon
482,smile
483,ta-sport
484,aqua
485,aehrolayf
486,stabilo
487,urbanears
488,milan
489,barbie
490,eurolux
491,cinemood
492,colorful
493,imbema
494,mart
495,tcl
496,filtero
497,intel
498,screentec
499,fsp
500,google
501,eyfel
502,cow
503,joby
504,segotep
505,ramili
506,lange
507,promount
508,ipower
509,iiyama
510,opadiris
511,mtx
512,wonlex
513,tacx
514,staub
515,logitech
516,temdan
517,delux
518,konami
519,nuk
520,sennheiser
521,ship
522,starline
523,tigernu
524,vitabiotics
525,savic
526,status
527,huion
528,perilla
529,kose
530,dogland
531,cayin
532,schwiizer
533,parkcity
534,deluxe
535,dabur
536,cullmann
537,monge
538,bissell
539,microsoft
540,powerplant
541,kixx
542,sunwide
543,jose
544,polaroid
545,geil
546,trio
547,birjusa
548,jonsbo
549,sakura
550,orion
551,dewalt
552,corsair
553,onanoff
554,novatrack
555,lamart
556,povarjonok
557,sonnet
558,sibirjh
559,biol
560,marcel
561,evere
562,prana
563,zugo
564,astonish
565,palisad
566,hoco
567,jack
568,atom
569,citoderm
570,ecologystone
571,grillver
572,toyo
573,jabra
574,delonghi
575,paclan
576,estia
577,fissman
578,domani-spa
579,navitel
580,topeak
581,whirlpool
582,suunto
583,dk
584,jockey
585,covim
586,babyliss
587,jimu
588,kartal
589,zalman
590,merries
591,daiwa
592,dr.beckmann
593,europrint
594,eastcoast
595,mujjo
596,zevs
597,polimerbiht
598,billna
599,crewelter
600,grans
601,cougar
602,marvel
603,deerma
604,huntkey
605,fossil
606,akvaton
607,smallrig
608,e.gov
609,akpo
610,fixsen
611,glassware
612,wilmax
613,yiling
614,disney
615,leefitness
616,ggg
617,shelkovica
618,staedtler
619,uriage
620,megabass
621,tece
622,jandeks
623,prism
624,agu
625,buff
626,biomio
627,nikon
628,ikins
629,okuma
630,xigmatek
631,waterrower
632,indesit
633,bourjois
634,artel
635,jetair
636,alex
637,philips
638,allvega
639,ivolia
640,iwalk
641,kaspersky
642,tetchair
643,technogym
644,ezviz
645,nika
646,aquapick
647,mercusys
648,hoya
649,gillette
650,feather
651,grohe
652,aerocool
653,amd
654,nordland
655,usams
656,yonker
657,gopro
658,kerasys
659,apple
660,pandora
661,alfa
662,muljhtidom
663,panasonic
664,braun
665,adguard
666,bsf
667,orico
668,bruder
669,matrix
670,zwilling
671,chicco
672,taoran
673,manfrotto
674,benq
675,nascita
676,denzel
677,cremesso
678,hurom
679,lumax
680,gefest
681,hintek
682,bona
683,rombica
684,darina
685,ritmix
686,omron
687,tayfun
688,procab
689,thermaltake
690,moxom
691,electrolux
692,tp-link
693,aura
694,durobor
695,dell
696,kiturami
697,ehra
698,zowie
699,wintek
700,vinzer
701,gamemax
702,texet
703,samsung
704,botas
705,delsey
706,polini
707,totalbox
708,biolane
709,avermedia
710,luxell
711,domini
712,metalions
713,patriot
714,goodyear
715,plextor
716,kama
717,aksion
718,rosneftjh
719,apc
720,olympus
721,caspio
722,squier
723,zanussi
724,lukoyl
725,resto
726,beaphar
727,ergolux
728,stanley
729,makita
730,bioderma
731,habilead
732,dermoviva
733,toshiba
734,intex
735,xerox
736,stikbot
737,lefard
738,wurth
739,dynastar
740,highwaybaby
741,different
742,runwin
743,dji
744,optoma
745,technomax
746,lemark
747,index
748,medela
749,titan
750,greenway
751,today
752,bushido
753,rowenta
754,adidas
755,boneco
756,ride
757,gorenje
758,cyberpower
759,ecopro
760,qmax
761,galaxy
762,gezatone
763,ecocool
764,joonies
765,yamaguchi
766,genau
767,none
768,skyworth
769,gewa
770,rubineta
771,sports
772,g.skill
773,komax
774,feja
775,id-cooling
776,asus
777,roeyuta
778,eglo
779,venta
780,simfer
781,neoline
782,kmk
783,unicum
784,tenda
785,rivacase
786,x-game
787,timson
788,camelion
789,lotte
790,bloody
791,yoobao
792,kovea
793,thermex
794,swag
795,elica
796,er
797,cannondale
798,voin
799,kaabo
800,author
801,batihrihch
802,silverlit
803,molnija
804,gogarden
805,samovar
806,sony
807,mattel
808,nokia
809,zlatek
810,akvafor
811,simba
812,prologic
813,wikium
814,fenix
815,steelseries
816,pigeon
817,apacer
818,mcdavid
819,a-case
820,lactacyd
821,okko
822,misty
823,cort
824,midea
825,borner
826,avel
827,sumdex
828,mikasa
829,china
830,aiko
831,lori
832,solite
833,kramet
834,smeg
835,belcando
836,seasonic
837,elari
838,outwell
839,brelil
840,tsg
841,insight
842,elfe
843,designskin
844,hp
845,spiegelau
846,go-sport
847,pemco
848,moulinex
849,casada
850,farmona
851,dermal
852,nixx
853,kyocera
854,blehk
855,lanvin
856,granchio
857,dittmann
858,laurastar
859,osz
860,rondell
861,centara
862,finis
863,linglong
864,president
865,kitchenaid
866,aoc
867,bauer
868,celebrat
869,glasslock
870,shenzhen
871,lenspen
872,xp-pen
873,cilek
874,garmin
875,bykski
876,teorema
877,silverex
878,roca
879,prestigio
880,fender
881,genius
882,cliny
883,amazon
884,nutralash
885,trw
886,zhorka
887,atmor
888,edifier
889,sbs
890,titania
891,isolon
892,marshall
893,versace
894,transcend
895,blackstar
896,apollo
897,bjurokrat
898,fjallraven
899,pocketbook
900,dauscher
901,gtec
902,promtorgservis
903,zhiyun
904,gigabyte
905,speedo
906,hotpoint-ariston
907,ava
908,burton
